# Some developers use multiple email aliases; here we try to turn them
# into a canonical form.
aalonso00@gmail.com aalonso@freescale.com
aalonso@devbox.(none) aalonso@freescale.com
kees@ubuntu.com kees@outflux.net
aaro.koskinen@iki.fi aaro.koskinen@nokia.com
zaitcev@yahoo.com zaitcev@kotori.zaitcev.us
davej@kernel.org davej@codemonkey.org.uk
abelyako@googlemail.com alexander.belyakov@intel.com
abelyako@mail.ru alexander.belyakov@intel.com
adobriyan@mail.ru adobriyan@gmail.com
airlied@gmail.com airlied@redhat.com
airlied@linux.ie airlied@redhat.com # really only good since 2007
ajax@aspartame.nwnk.net	ajax@nwnk.net
ajax@benzedrine.nwnk.net ajax@nwnk.net
ajax@freedesktop.org ajax@nwnk.net
ajax@theobromine.nwnk.net ajax@nwnk.net
ajitkhaparde@gmail.com ajitk@serverengines.com
akpm@osdl.org akpm@linux-foundation.org
alan@redhat.com alan@lxorguk.ukuu.org.uk
alexey.orishko@gmail.com alexey.orishko@stericsson.com
andim2@users.sourceforge.net andi@lisas.de
andreoli@samba.ing.unimo.it mauro.andreolini@unimore.it
andreoli@weblab.ing.unimo.it mauro.andreolini@unimore.it
andrew@nagrom.org morgan@kernel.org
ani@anirban.org asinha@zeugmasystems.com
arm@jic23.retrosnub.co.uk jic23@cam.ac.uk	# Jonathan Cameron
jic23@kernel.org jic23@cam.ac.uk
arnd@arndnet.de arnd@arndb.de
arnd.hannemann@nets.rwth-aachen.de hannemann@nets.rwth-aachen.de
a.seppala+linux-dvb@gmail.com a.seppala@gmail.com
asselsm@gmail.com mark.asselstine@windriver.com
avictor.za@gmail.com andrew@sanpeople.com
awalls@md.metrocast.net awalls@radix.net
ben-fbdev@fluff.org ben@fluff.org
ben@fluff.org.uk ben@fluff.org
ben-linux@fluff.org ben@fluff.org
ben-mtd@fluff.org ben@fluff.org
bniebuhr3@gmail.com	bniebuhr@efjohnson.com
boazharrosh@gmail.com bharrosh@panasas.com
bunk@stusta.de bunk@kernel.org
bzolnier@gmail.com bartlomiej.zolnierkiewicz@gmail.com
cathectic@gmail.com carlos@strangeworlds.co.uk
chripell@fsfe.org chripell@gmail.com
chunkeey@googlemail.com	chunkeey@web.de
cladisch@fastmail.net clemens@ladisch.de
cl@linux.com cl@linux-foundation.org
crquan@gmail.com crq@kernel.org
danders@tincantools.com danders@amltd.com
dan.j.williams@gmail.com dan.j.williams@intel.com
dave123_aml@yahoo.com danders@amltd.com
davem@bnsf.davemloft.net davem@davemloft.net # need regexes
davem@redhat.com davem@davemloft.net
davem@sunset.davemloft.net davem@davemloft.net
dacohen@gmail.com david.cohen@nokia.com
dbrownell@users.sourceforge.net david-b@pacbell.net
dedekind1@gmail.com	dedekind@infradead.org
dgdunix@gmail.com	jj_ding@emc.com.tw
dheitmueller@kernellabs.com devin.heitmueller@gmail.com
dheitmueller@linuxtv.org devin.heitmueller@gmail.com
dkirjanov@hera.kernel.org dkirjanov@kernel.org
d-nishimura@mtf.biglobe.ne.jp nishimura@mxp.nes.nec.co.jp
domen@coderock.org domen.puncer@telargo.com
dp@xora.org.uk		gg@slimlogic.co.uk
drzeus-list@drzeus.cx drzeus@drzeus.cx
dsilvers@digital-scurf.org	dsilvers@simtec.co.uk
ebiederm@aristanetworks.com ebiederm@xmission.com
ebiederm@maxwell.aristanetworks.com ebiederm@xmission.com
eparis@parisplace.org eparis@redhat.com
eranian@gmail.com eranian@googlemail.com
eric.sesterhenn@focus-voip.de	eric.sesterhenn@lsexperts.de
ericvh@ericvh-desktop.(none) ericvh@gmail.com
ericvh@opteron.9grid.us ericvh@gmail.com
ext-kalle.jokiniemi@nokia.com kalle.jokiniemi@digia.com
fabioestevam@yahoo.com fabio.estevam@freescale.com
festevam@gmail.com fabio.estevam@freescale.com
fchecconi@gmail.com fabio@gandalf.sssup.it
gerg@goober.(none) gerg@snapgear.com
gerg@uclinux.org gerg@snapgear.com
gorcunov@openvz.org gorcunov@gmail.com
gregkh@linuxfoundation.org greg@kroah.com
grisu@deb-support.de michael@deb-support.de
hagen@jauu.net hagen@protocollabs.com
hannemann@i4.informatik.rwth-aachen.de hannemann@nets.rwth-aachen.de
hannes@cmpxchg.org jw@emlix.com
hannes.hering@gmx.de hering2@de.ibm.com
hch@list.de hch@infradead.org
hch@lst.de hch@infradead.org
heitmueller@kernellabs.com devin.heitmueller@gmail.com
heukelum@mailshack.com heukelum@fastmail.fm
hrhaan@yahoo.com hrhaan@gmail.com
huang.ying.caritas@gmail.com ying.huang@intel.com
ionut.nicu@gmail.com ionut.nicu@mindbit.ro
james.bottomley@steeleye.com james.bottomley@hansenpartnership.com
jamie@jamieiles.com jamie.iles@picochip.com
jan-consulting@capkovi.eu jan@ccsinfo.com
jaswinder@infradead.org jaswinderrajput@gmail.com
jaswinder@kernel.org jaswinderrajput@gmail.com
jaswinderlinux@gmail.com jaswinderrajput@gmail.com
jaxboe@fusionio.com axboe@kernel.dk
jeffm@jeffreymahoney.com jeffm@suse.com
jelle@foks.us jelle@foks.8m.com
joey.zming@gmail.com	zhao.ming9@zte.com.cn
john.stultz@linaro.org johnstul@us.ibm.com
jonas80@gmail.com jonas.larsson@martinsson.se
jsipek@fsl.cs.sunysb.edu jsipek@cs.sunysb.edu
julien@cr0.org jt@cr0.org
j@w1.fi jouni.malinen@atheros.com
jwboyer@gmail.com jwboyer@linux.vnet.ibm.com
kaigai@kaigai.gr.jp kaigai@ak.jp.nec.com
keithp@dulcimer.keithp.com keithp@keithp.com
keithp@evo.keithp.com keithp@keithp.com
keithp@guitar.keithp.com keithp@keithp.com
keithp@koto.keithp.com keithp@keithp.com
keithp@mandolin.keithp.com keithp@keithp.com
keithp@neko.keithp.com keithp@keithp.com
keithp@ukulele.keithp.com keithp@keithp.com
kernel@anirban.org asinha@zeugmasystems.com
kernel@irasnyder.com iws@ovro.caltech.edu
kernel@rtr.ca mlord@pobox.com
kernel@teksavvy.com mlord@pobox.com
ketuzsezs@darnok.org konrad@kernel.org
kevink@paralogos.com kevink@mips.com
kmpark@infradead.org kyungmin.park@samsung.com
kyle@infradead.org kyle@mcmartin.ca
kyle@mako.i.cabal.ca kyle@mcmartin.ca
kyle@shortfin.cabal.ca kyle@mcmartin.ca
laforge@netfilter.org laforge@gnumonks.org
liml@rtr.ca mlord@pobox.com
linus.walleij@linaro.org linus.walleij@stericsson.com
linux_4ever@yahoo.com sgrubb@redhat.com
linuxdev@gik.de eschwab@online.de
linux@maxim.org.za andrew@sanpeople.com  # Andrew Victor
liplianin@me.by liplianin@netup.ru
lkml@rtr.ca mlord@pobox.com
lrg@kernel.org lrg@slimlogic.co.uk
manciuleas@yahoo.com sebastian_manciulea@sdesigns.com
marcin_obara@users.sourceforge.net marcin.obara@intel.com
markzzzsmith@yahoo.com.au	lk-netdev@lk-netdev.nosense.org
mchehab@redhat.com mchehab@infradead.org
#
# The many faces of mel; not sure he uses the .ie addrs any more.
#
mel@csn.ul.ie mel@skynet.ie
mgorman@suse.de mgorman@novell.com

michael@araneidae.co.uk michael.abbott@diamond.ac.uk
michael.frysinger@analog.com vapier@gentoo.org
milo.kim@nsc.com	milo.kim@ti.com
mkp@mkp.net martin.petersen@oracle.com
mkp@parisc-linux.org martin.petersen@oracle.com
mrustad@gmail.com mark_rustad@xiotech.com
mtk.manpages@gmail.com mtk.manpages@googlemail.com
mturquette@gmail.com	mturquette@ti.com
mzxreary@0pointer.de	lennart@poettering
neilb@notabene.brown neilb@suse.de
nemoto@toshiba-tops.co.jp anemo@mba.ocn.ne.jp
nickpiggin@yahoo.com.au npiggin@suse.de
niels@nixpanic.net niels.devos@wincor-nixdorf.com
nitingupta910@gmail.com	ngupta@vflare.org
npiggin@kernel.dk npiggin@suse.de
oliva@lsd.ic.unicamp.br aoliva@redhat.com
oliver@hartkopp.net oliver.hartkopp@volkswagen.de
paul@burly.ondioline.org paul@ondioline.org
paul.gortmaker@gmail.com paul.gortmaker@windriver.com
paul.mckenney@linaro.org paulmck@linux.vnet.ibm.com
pe1dnn@amsat.org henk.de.groot@hetnet.nl
penberg@kernel.org penberg@cs.helsinki.fi
piastryyy@gmail.com piastry@etersoft.ru
pierre@ossman.eu drzeus@drzeus.cx
richardcochran@gmail.com richard.cochran@omicron.at
rjevskiy@gmail.com	dmonakhov@openvz.org
rmk@dyn-67.arm.linux.org.uk rmk@arm.linux.org.uk
rmk+kernel@arm.linux.org.uk rmk@arm.linux.org.uk
robbat2@orbis-terrarum.net robbat2@gentoo.org
roland@digitalvampire.org rolandd@cisco.com
rqcheng@smu.edu.sg crq@kernel.org
rubini-list@gnudd.com rubini@gnudd.com
savin@epiko.si savin.zlobec@gmail.com
seanm@seanm.ca smaclennan@pikatech.com
shawn.guo@linaro.org shawn.guo@freescale.com
stewart_r@aliencamel.com stewart.r.uk@gmail.com
superm1@ubuntu.com mario_limonciello@dell.com
swirl@gmx.li weber@corscience.de
takata@linux-m32r.org takata.hirokazu@renesas.com
tomof@acm.org fujita.tomonori@lab.ntt.co.jp
torvalds@g5.osdl.org torvalds@linux-foundation.org
torvalds@osdl.org torvalds@linux-foundation.org
torvalds@woody.linux-foundation.org torvalds@linux-foundation.org
tzafrir@cohens.org.il tzafrir.cohen@xorcom.com
urs@isnogud.escape.de urs.thuermann@volkswagen.de
vapier.adi@gmail.com vapier@gentoo.org
vapier@gentoo.org vapier@gentoo.org
vapier@gmail.com vapier@gentoo.org
vernoninhand@gmail.com vsauder@inhand.com
vernon.sauder@gmail.com vsauder@inhand.com
viro@ftp.linux.org.uk viro@www.linux.org.uk
viro@parcelfarce.linux.theplanet.co.uk viro@www.linux.org.uk
wuzhangjin@gmail.com wuzj@lemote.com
xtfeng@gmail.com	dfeng@redhat.com
yhlu.kernel@gmail.com yinghai.lu@sun.com
yhlu.kernel.send@gmail.com yinghai.lu@sun.com
yinghai@kernel.org	   yinghai.lu@sun.com
yong.shen@linaro.org yong.shen@freescale.com
yuasa@linux-mips.org yyuasa@linux.com
zdenek.kabelac@gmail.com	zkabelac@redhat.com
zhao1980ming@163.com	zhao.ming9@zte.com.cn
zonque@gmail.com	daniel@caiaq.org	# Daniel mack
