#
# Developers known to be working on their own time.
#
173389@mail.muni.cz
2500@gmx.de
aacid@kde.org
a.beregalov@gmail.com
aciddeath@gmail.com
acreda1234@tiscali.co.uk
adam@array.org
adam.buchbinder@gmail.com
adam.greenblatt@gmail.com
adam.latham@unisontorbay.org.uk
adaplas@gmail.com
adb@iinet.net.au
adel.gadllah@gmail.com
adi@hexapodia.org
adilger@dilger.ca
adit.262@gmail.com
ad@papyrus-gmbh.de
adrake@adrake.org
adrian@lisas.de
adrian@mcmen.demon.co.uk
adrian@newgolddream.dyndns.info
aegislin@gmail.com
aet@rasterburn.org
agilmore@wirelessbeehive.com
agimenez@sysvalve.es
agx@sigxcpu.org
aherrman@arcor.de
ainan@mathematik.uni-freiburg.de
ajay@ramaswamy.net
a.j.buxton@gmail.com
ajr55555@gmail.com
akropel1@rochester.rr.com
a.kumar@alumni.iitm.ac.in
al3xbio@gmail.com
alan-jenkins@tuffmail.co.uk
alannisota@gmail.com
alastair.bridgewater@gmail.com
albert.aribaud@free.fr
albert.comerma@gmail.com
albert_herranz@yahoo.es
albertito@blitiri.com.ar
albertito@gmail.com
albert.pauw@gmail.com
albrt@gmx.net
alchark@gmail.com
aleaxander@gmail.com
alejandro.riveira@gmail.com
alessandro.guido@gmail.com
alexander.simon@informatik.tu-muenchen.de
alexander.stein@informatik.tu-chemnitz.de
alexander.tarasikov@gmail.com
alexandref75@gmail.com
alex.buell@munted.org.uk
alex@digriz.org.uk
alexey@kopytko.ru
alexey.zaytsev@gmail.com
alex.lorca@gmail.com
alex@wenlex.nl
alfie@dcs.warwick.ac.uk
ali@internetdog.org
ali@mellanox.com
alistair@devzero.co.uk
allison@parrot.org
almer@gnome.org
alonz@nolaviz.org
alsbergt@cs.huji.ac.il
amaurimagagna@gmail.com
amb@gedanken.demon.co.uk
amcnabb@mcnabbs.org
amit2030@gmail.com
amluto@gmail.com
amworsley@gmail.com
analyzer1@gmail.com
anarsoul@gmail.com
anders.j.hedlund@gmail.com
andi@ahash.de
andi@lisas.de
andi@rhlx01.hs-esslingen.de
andoni.zubimendi@gmail.com
andrea@borgia.bo.it
andrea.gelmini@gelma.net
andrea.merello@gmail.com
andreamrl@tiscali.it
andrea@persephoneslair.org
andreas@andreas-loibl.de
andreas.krist@gmail.com
andre.beat@gmail.com
andre@bitwigglers.org
andre@finow14.de
andre@melior.s.bawue.de
andre.neo.net@gmail.com
andre.prendel@gmx.de
andrew@digital-domain.net
andrew.elwell@gmail.com
andrew.kephart@alereon.com
andrew.lunn@ascom.ch
andrew@lunn.ch
andrey.arapov@gmail.com
andrey.porodko@gmail.com
andrey.warkentin@gmail.com
andrzej.hajda@wp.pl
andy753421@gmail.com
andy@andrewprice.me.uk
andy@andybotting.com
andy@burns.net
andy@luto.us
aneesh.kumar@gmail.com
ani@anirban.org
a.nielsen@shikadi.net
anssi.hannula@gmail.com
anssi.hannula@iki.fi
anton@veretenenko.ru
aquasync@gmail.com
a.reversat@gmail.com
ari@goron.de
arjan.mels@gmx.net
arjan@opmeer.net
arnaud.patard@rtp-net.org
arne.redlich@xiranet.com
artem@makhutov.org
art@ified.ca
artisdom@gmail.com
arun@bhanu.net
arvidjaar@mail.ru
arvidjaar@newmail.ru
asbjorn@asbjorn.biz
asedeno@mit.edu
aseemsethi@yahoo.com
a.seppala@gmail.com
ashley.hughes@blueyonder.co.uk
ashwillis@programmer.net
aspotashev@gmail.com
attila@kinali.ch
august@augustl.com
aurel@gnuage.org
aurelien@aurel32.net
austin.lund@gmail.com
avictor.za@gmail.com
a_villacis@palosanto.com
aviv.by@gmail.com
avuton@gmail.com
awalls@radix.net
axelkoellhofer@web.de
azverkan@yahoo.com
babal@via.ecp.fr
b.adolphi@googlemail.com
baggins@sith.mimuw.edu.pl
bainonline@gmail.com
balajirrao@gmail.com
baldrick@free.fr
balrogg@gmail.com
banan@ludd.ltu.se
baritono.tux@gmail.com
barra_cuda@katamail.com
bart.hartgers@gmail.com
baz8080@gmail.com
bbpetkov@yahoo.de
bdeb@willmore.eu
bdmagnuson@gmail.com
bdonlan@gmail.com
bdschuym@pandora.be
bebarino@gmail.com
belyshev@depni.sinp.msu.ru
ben@bagu.org
ben@decadent.org.uk
benedekl@gmail.com
benjamin.poirier@gmail.com
benjamin.tissoires@enac.fr
ben.kero@gmail.com
ben.nizette@iinet.net.au
benoit.boissinot@ens-lyon.org
benoit.papillault@free.fr
ben@pc-doctor.com
bergwolf@gmail.com
bernhard.walle@gmx.de
bero@arklinux.org
beroset@mindspring.com
bgamari.foss@gmail.com
bgerst@didntduck.org
biblbroks@sezampro.rs
biblbroks@sezampro.yu
bigeasy@breakpoint.cc
birrachiara@tin.it
bjd@jooz.net
bjorn@mork.no
b.kitson@gmail.com
blaisorblade@yahoo.it
blblack@gmail.com
bob.beers@gmail.com
bobbens@gmail.com
bobby.prani@gmail.com
bobjolliffe@gmail.com
bob@qbjnet.com
bock@tfh-berlin.de
bodonoghue@codehermit.ie
bogdan@nimblex.net
bo-liu@hotmail.com
bonbons@linux-vserver.org
bon@elektron.ikp.physik.tu-darmstadt.de
boobaa@frugalware.org
bootc@bootc.net
brad@brad-smith.co.uk
bradjsmith@btinternet.com
brad+kernel@swatter.net
bradshaw.laurie@googlemail.com
brett.warden@gmail.com
brian.bloniarz@gmail.com
brian@murphy.dk
brianmwaters@gmail.com
brian_rogers@comcast.net
brian@tarricone.org
brian@xyzw.org
brice.goglin@ens-lyon.org
brijohn@gmail.com
broonie@sirena.org.uk
brucej97223@gmail.com
bryan@kadzban.is-a-geek.net
b.steinbrink@gmx.de
bsteinsbo@gmail.com
bugitus@gmail.com
bug-track@fisher-privat.net
buhitoescolar@gmail.com
burman.yan@gmail.com
calin@ajvar.org
candyguitar@gmail.com
carenas@sajinet.com.pe
carlo@beccaria.org
carlos@strangeworlds.co.uk
carlos@systemhalted.org
cascardo@minaslivre.org
casey@schaufler-ca.com
catab@embedromix.ro
catab@umbrella.ro
cathectic@gmail.com
c-bartlett@hotmail.co.uk
cbm@math.ucla.edu
cbouatmailru@gmail.com
cboulte@gmail.com
cbou@mail.ru
c-d.hailfinger.devel.2006@gmx.net
cedric.godin@skynet.be
cesarb@cesarb.net
c.fertr@gmail.com
chewi@aura-online.co.uk
chf.fritz@googlemail.com
chihau@gmail.com
chl.pixo@gmail.com
chmooreck@poczta.onet.pl
chris2553@googlemail.com
chris@cnpbagwell.com
chris.pockele.f1@gmail.com
chrisschlund@gmx.de
chris.snook@gmail.com
christian.gmeiner@gmail.com
christine.caulfield@googlemail.com
christophe.borivant@wanadoo.fr
christophe.jaillet@wanadoo.fr
christopherarges@gmail.com
christophe@saout.de
christoph.paasch@gmail.com
christophpfister@gmail.com
chunkeey@web.de
ciaran.mccreesh@blueyonder.co.uk
ciaran.mccreesh@googlemail.com
cibervicho@gmail.com
clemens.koller@paui.de
clemens@ladisch.de
clemenswerther@googlemail.com
cloos@jhcloos.com
cmbrannon79@gmail.com
cnoss@gmx.de
com.ea@tinet.org
compnerd@compnerd.org
const@mimas.ru
contact@i-nz.net
contact+kernel@toniob.net
contact@marchsouth.org
cooldavid@cooldavid.org
coolthecold@gmail.com
coproscefalo@gmail.com
cord.walter@gmx.de
corentin.chary@gmail.com
corentincj@iksaif.net
cosmin.cojocar@gmail.com
cpeterso@cpeterso.com
craig@microtron.org.uk
crayzeejon@gmail.com
crmafra2@gmail.com
crmafra@gmail.com
crope@iki.fi
csetlow@tower-research.com
ctzocy@gmail.com
currojerez@riseup.net
cus@fazekas.hu
cwhuang@linux.org.tw
cyp561@gmail.com
czajernia@gmail.com
dahms@fh-brandenburg.de
dalmaroad@gmail.com
danborkmann@googlemail.com
dan@coverfire.com
danders.dev@gmail.com
daniel.blueman@gmail.com
danielcordero@lavabit.com
daniel.dy.ngu@gmail.com
daniel@ffwll.ch
daniel.gagnon@yahoo.com
daniel@gimpelevich.san-francisco.ca.us
daniel@hozac.com
daniel.lezcano@free.fr
danielm77@spray.se
daniel.morsing@gmail.com
daniel.schwierzeck@googlemail.com
daniel.vetter@ffwll.ch
dan@mindstab.net
dannybaumann@web.de
danny@mailmij.org
danwood76@gmail.com
darkeye@tyrell.hu
darkstar6262@gmail.com
darren.armstrong85@gmail.com
darrenrjenkins@gmail.com
darryl.green@aanet.com.au
darwish.07@gmail.com
dave@hiauly1.hia.nrc.ca
dave@sr71.net
dave@thedillows.org
david.c.hubbard@gmail.com
davide.brini@unibo.it
davidef1986@gmail.com
davidel@xmailserver.org
davidepesa@gmail.com
david@fries.net
david@hardeman.nu
davidjon@xenontk.org
david@rowetel.com
david.ward@gatech.edu
davidwei79@gmail.com
davi@haxent.com.br
dawid@klej.net
db260179@hotmail.com
dbaryshkov@gmail.com
dcb314@hotmail.com
dcm@acm.org
dcm@mit.edu
dcoshea@hotmail.com
ddstreet@ieee.org
debian.tormod@gmail.com
dener.kup@gmail.com
dennis.aberilla@mimomax.com
dennis.noordsij@helsinki.fi
denver@ossguy.com
desnacked@gmail.com
devin.heitmueller@gmail.com
dev@lynxeye.de
dev-null@telus.net
devzero@web.de
deweerdt@free.fr
dex@dragonslave.de
dfo@antex.ru
d.g.jansen@googlemail.com
dgoulet@ev0ke.net
dgreenday@gmail.com
d.g.turner@ntlworld.com
d.guerrieri@gmail.com
dh.herrmann@googlemail.com
dhillonv10@gmail.com
dhilvert@gmail.com
dick@streefland.net
diegocg@gmail.com
diego@giagio.com
diegoliz@gmail.com
difrost.kernel@gmail.com
dinvlad@gmail.com
dirk.behme@googlemail.com
djaara@djaara.net
dk@bighost.com.br
dkiper@net-space.pl	# GSOC 2011
dkirjanov@kernel.org
dma05@web.de
dmitrmax@gmail.com
dmitry.adamushko@gmail.com
dmitry.torokhov@gmail.com
dnax88@gmail.com
dominik.geyer@gmx.de
donnykurnia@gmail.com
don@syst.com.br
dot@dotat.at
dottedmag@dottedmag.net
dougsland@gmail.com
dpmcgee@gmail.com
dpn@isomerica.net
drake_ster@wp.pl
dr@cluenet.de
drew.m.fisher@gmail.com
drnlmuller+bugs@gmail.com
dronnikov@gmail.com
dsd@gentoo.org
dsdt@gaugusch.at
dstuart@dstuart.org
dtor@insightbb.com
dtor@mail.ru
duaneg@dghda.com
dushistov@mail.ru
dutko.adam@gmail.com
dvb@cinnamon-sage.de
dwalker@fifo99.com
dwhayes@gmail.com
dylan.semler@gmail.com
dyp@perchine.com
e9hack@googlemail.com
e.a.b.piel@tudelft.nl
eberhard.mattes@web.de
ebrower@gmail.com
ecc@cmu.edu
eczema@ecze.com
eddy@klopper.net
edgar.iglesias@gmail.com
edouard@lafargue.name
edsiper@gmail.com
eduard@hasenleithner.at
eduard.munteanu@linux360.ro
eduardo@kienetz.com
edward.donovan@numble.net
edwintorok@gmail.com
eeydev@nottingham.ac.uk
efault@gmx.de
ehames@gmail.com
eightgraph@gmail.com
eike-kernel@sf-tec
einarry@smail.ee
ejsheldrake@gmail.com
eklhad@comcast.net
eli@siliconsprawl.com
el@prans.net
eltshanli@gmail.com
elyk03@gmail.com
emilonlinester@gmail.com
eo@nebensachen.de
epvipas@gmail.com
equinox@diac24.net
eran@tromer.org
erazor_de@users.sourceforge.net
eric@brouhaha.com
eric.piel@tremplin-utc.net
eric.rannaud@gmail.com
ericw@xmtp.net
erikb@bu.edu
erikbenada@yahoo.ca
erik@hovland.org
erik@kryo.se
erik@slagter.name
errandir_news@mph.eclipse.co.uk
error27@gmail.com
esr@thyrsus.com
etienne.basset@numericable.fr
eugen@debian.org
eugene.yudin@gmail.com
evan.mcclain@gatech.edu
evilbladewarrior@gmail.com
f6bvp@free.fr
fabbione@fabbione.net
fabien@crespel.net
fabio.baltieri@gmail.com
fabrice@bellet.info
farid.hammane@gmail.com
fbl@sysclose.org
fbriere@fbriere.net
fbuihuu@gmail.com
fcarrijo@yahoo.com.br
federica.teodori@googlemail.com
fedux@lugmen.org.ar
fejes@joco.name
felipe.contreras@gmail.com
fengguang.wu@gmail.com
fercerpav@gmail.com
f.fainelli@gmail.com
ff@nrvissing.net
fgaliegue@gmail.com
figo1802@gmail.com
filippo.argiolas@gmail.com
firefly@vax64.dk
flameeyes@gmail.com
floe@butterbrot.org
florian.fainelli@int-evry.fr
florian.fainelli@telecomint.eu
florian@mickler.org
florian@openwrt.org
florianschandinat@gmx.de
florob@babelmonkeys.de
fmeng2002@yahoo.com
folkert@vanheusden.com
fork0@users.sourceforge.net
foss@atlastechnologiesinc.com
foukas.xenofon@gmail.com
fragabr@gmail.com
fragmede@onepatchdown.net
frame+buffer@ml.breakpoint.cc
francescolavra@interfree.it
francis.moro@gmail.com
francois.jaouen@laposte.net
franco@lastsummer.de
frank@kingswood-consulting.co.uk
frank@lichtenheld.de
frank@tuxrocks.com
frankvm@frankvm.com
frank@zago.net
frederic.marchal@wowcompany.com
frederic.riss@gmail.com
frederik.deweerdt@gmail.com
frederik.deweerdt@xprog.eu
frederik@kriewitz.eu
freifunk@somakoma.de
frej.drejhammar@gmail.com
from: t.m.gerlach@freenet.de
fthain@telegraphics.com.au
fubo.chen@gmail.com
fvanderwyck@gmail.com
fvdw@fvdw.eu
fweisbec@gmail.com
fzuuzf@googlemail.com
fzu@wemgehoertderstaat.de
gary.francis@serverlan.plus.com
gavinl@compacsort.com
gbritton@alum.mit.edu
gcoady.lk@gmail.com
geek4linux@gmail.com
geert@linux-m68k.org
geoff@infradead.org
geomatsi@gmail.com
georg.chini@triaton-webhosting.com
george@gentoo.org
gerard.lledo@gmail.com
gerb.stralko@gmail.com
gerhard_pircher@gmx.net
g.esp@free.fr
ggriffin.kernel@gmail.com
giel@caffeinetrip.com
gilles.chanteperdrix@xenomai.org
gineera@aspect135.co.uk
git-kernel-2010@mrq1.org
git.user@gmail.com
giuseppe.bilotta@gmail.com
gjasny@web.de
gkmarty@gmail.com
glaweh@debian.org
g.liakhovetski@gmx.de
gman.1352@gmail.com
g.mazzotta@iragan.com
goecke@uni-paderborn.de
goecke@upb.de
gombasg@digikabel.hu
gombasg@sztaki.hu
gongo2k1@gmail.com
gordonfarquharson@gmail.com
gottfried.haider@gmail.com
grabner@icg.tugraz.at
greg@chown.ath.cx
greg@gregd.org
gregoire.henry@pps.jussieu.fr
gregorio.guidi@gmail.com
greigs@galexander.org
gsap7@yahoo.gr
gtdev@spearhead.de
guaneryu@gmail.com
guichaz@gmail.com
guichaz@yahoo.fr
guido.scholz@bayernline.de
guido@trentalancia.com
guilherme.m.schroeder@gmail.com
gustavo@sagui.org
gwingerde@kpnplanet.nl
gw.kernel@tnode.com
hacker@epn.ru
hamo.by@gmail.com
hancockr@shaw.ca
hancockrwd@gmail.com
hannes@hanneseder.net
hannes@saeurebad.de
hanno@hboeck.de
hans.petter.selasky@bitfrost.no
harald@a-little-linux-box.at
harrisonmetz@gmail.com
harryxiyou@gmail.com
hartmut.hackmann@t-online.de
hauberg@gmail.com
hauke@hauke-m.de
haveaniceday@cv-sv.de
hawk@pld-linux.org
heb1001@gmail.com
hector@marcansoft.com
heiko@sntech.de
helight.xu@gmail.com
helmut@helmutauer.de
helmut.schaa@googlemail.com
henk.de.groot@hetnet.nl
henke@kurelid.se
henk.vergonet@gmail.com
henne@nachtwindheim.de
henrih81@gmail.com
henrix@sapo.pt
henry.nestler@gmail.com
henry@stuffedcow.net
herbert@13thfloor.at
herbert@graeber-clan.de
hermann.kneissel@gmx.de
hermann.lauer@iwr.uni-heidelberg.de
hermann-pitton@arcor.de
heukelum@fastmail.fm
hfvogt@gmx.net
hidave.darkstar@gmail.com
hidden@sch.bme.hu
himeraster@gmail.com
hintak.leung@gmail.com
hirofuchi@users.sourceforge.net
hirofumi@mail.parknet.co.jp
hladky.jiri@googlemail.com
hoacha@quantentunnel.de
holger@eitzenberger.org
holger@moiji-mobile.com
holger@muscate-magnussen.de
holgerschurig@gmail.com
holgerschurig@googlemail.com
holindho@cs.helsinki.fi
honyuenkwun@gmail.com
honza@jikos.cz
horst@schirmeier.com
howlett@gmail.com
hschauhan@nulltrace.org
htl10@users.sourceforge.net
hugh.dickins@tiscali.co.uk	# for now
hugo@carfax.org.uk
hummerbliss@gmail.com
hun@n-dimensional.de
hunold@linuxtv.org
hunterd42@gmail.com
hussam@visp.net.lb
hvr@gnu.org
hwerner4@gmx.de
i92guboj@terra.es
iain@imcfarla.homelinux.net
iain.linux.coding@googlemail.com
iandall@virginbroadband.com.au
ian@iarmst.demon.co.uk
ian@mnementh.co.uk
ib@wupperonline.de
i.dobson@planet-ian.com
idryomov@gmail.com
ignaz.forster@gmx.de
igor@novg.net
igor.perminov@inbox.ru
iksteen@gmail.com
illth@gmx.de
ilya.muromec@gmail.com
imrehg@gmail.com
indan@nul.nu
inguin@gmx.de
int-e@gmx.de
ioe-lkml@rameria.de
ionic@ionic.de
ionut.nicu@cloudbit.ro
ionut.nicu@mindbit.ro
ischram@telenet.be
iusty@k1024.org
ivdoorn@gmail.com
iwamatsu@nigauri.org
jakj@j-a-k-j.com
jal2@gmx.de
jamey@minilop.net
jan.ceuleers@computer.org
jandryuk@gmail.com
jani@nikula.org
janpuk@volny.cz
jareguero@telefonica.net
jarin.franek@post.cz
jarkao2@gmail.com
jarkao2@o2.pl
jasny@vidsoft.de
jason@acm.org
jasonbstubbs@gmail.com
jason.conti@gmail.com
jason@lakedaemon.net
jasonuhl@jasonuhl.org
jasper@unix.geek.nz
ja@ssi.bg
jaswinderrajput@gmail.com
javier@marcet.info
javier@smaldone.com.ar
jay.estabrook@gmail.com
jay@goldhive.com
jbarnes@virtuousgeek.org
jblunck@infradead.org
jburgess777@googlemail.com
jcd@tribudubois.net
j.church@ymail.com
jcliburn@gmail.com
jcmvbkbc@gmail.com
jcristau@debian.org
jdl@jdl.com
jdm64@gawab.com
jdmason@kudzu.us
jean-marc@spaggiari.org
jefdriesen@telenet.be
jeffpc@josefsipek.net
jekhor@gmail.com
jens.kuenzer@fpga.homeip.net
jeremy.cochoy@gmail.com
jerone@gmail.com
jerry87905@gmail.com
jesper.juhl@gmail.com
jeti@iki.fi
jeyries@yahoo.fr
jfannin@gmail.com
jfleach@jfleach.com
jfrey@gmx.de
jfritschi@freenet.de
jhassler@free.fr
jhblanford@gmail.com
jhn98032@gmail.com
jhovold@gmail.com
jim.cromie@gmail.com
jimdog@aktivix.org
jim.duchek@gmail.com
jim@jtan.com
jim.lkml@gmail.com
Jiri.Pinkava@vscht.cz
jiveaxe@gmail.com
jj@chaosbits.net
jkacur@gmail.com
jkohen@users.sourceforge.net
jluebbe@lasnet.de
jmharris@gmail.com
jm@lentin.co.uk
jmm@debian.org
jmm@inutil.org
jmtd@debian.org
j.neuschaefer@gmx.net
jochen@jochen.org
jochen.maes@sejo.be
jochen@penguin-breeder.org
jochen@scram.de
joe@perches.com
joerg@alea.gnuu.de
joe@rouvier.org
joe@skyrush.com
joe.yasi@gmail.com
joft@gmx.de
johanmeiring@gmail.com
johann.deneux@gmail.com
johannes.obermaier@gmail.com
johann.friedrichs@web.de
johann.wilhelm@student.tugraz.at
johfel@gmx.de
johfel@users.sourceforge.net
john.d.sheehan@gmail.com
john.dykstra1@gmail.com
john@johnmccutchan.com
john.lindgren@tds.net
johnpol@2ka.mipt.ru
john.serock@gmail.com
johnsgruber@gmail.com
john@stoffel.org
johnwheffner@gmail.com
jonas.gorski@gmail.com
jongk@linux-m68k.org
jonsmirl@gmail.com
joonwpark81@gmail.com
josemariafg@gmail.com
josh@joshtriplett.org
josteich@gmail.com
joy@entuzijast.net
jozz@jozz.se
jpritikin@pobox.com
jpsinthemix@verizon.net
jrm8005@gmail.com
jrnieder@gmail.com
jsagarribay@gmail.com
jsimmons@infradead.org
jslupski@juljas.net
jtyner@gmail.com
juan.lang@gmail.com
juergh@gmail.com
juhosg@openwrt.org
julia.jomantaite@gmail.com
julian.calaby@gmail.com
julien.boibessot@free.fr
julien@kirya.net
jurij@wooyd.org
jussi.kivilinna@mbnet.fi
justinmattock@gmail.com
j.witteveen@gmail.com
jwoithe@physics.adelaide.edu.au
jwollrath@web.de
j.w.r.degoede@hhs.nl
kaapeli@itanic.dy.fi
kai@kaishome.de
kai.makisara@kolumbus.fi
kaiwan@designergraphix.com
kajla@bioinfo.pl
kalle.valo@iki.fi
karllinuxtest.relton@ntlworld.com
karl.pickett@gmail.com
kartikmohta@gmail.com
katterjohn@gmail.com
kawasaki@juno.dti.ne.jp
kazutomo.yoshii@gmail.com
kees@outflux.net
keith@lochan.org
kelly@silka.with-linux.com
ken@codelabs.ch
kenji.toyama@gmail.com
kernel@chezphil.org
kernel@fomichev.me
kernel@kenobrien.org
kernel@mkarcher.dialup.fu-berlin.de
kernel@nn7.de
kevin.granade@gmail.com
kevyn.alexandre.pare@gmail.com
kilroyd@gmail.com
kilroyd@googlemail.com
kirill@shutemov.name
kirjanov@gmail.com
kirr@landau.phys.spbu.ru
kjwinchester@gmail.com
kkp2010@kasperkp.dk
klaas.de.waal@gmail.com
klassert@mathematik.tu-chemnitz.de
klaus.kudielka@gmx.net
klaus.schmidinger@tvdr.de
klement2@azet.sk
klimov.linux@gmail.com
klmckinney1@gmail.com
kmusunuru@juniper.net
knaack.h@gmx.de
knan-lkml@anduin.net
knew-linux@pimb.org
knollbert@gmail.com
knprox@mi.rr.com
knut_petersen@t-online.de
kolifer@gmail.com
kolymine@gmail.com
konrad@kernel.org
konstantin.sharlaimov@gmail.com
kost@linux.hr
kozzi11@gmail.com
kraai@ftbfs.org
kris@shannon.id.au
kristian@amlie.name
kristoffer_e1@hotmail.com
kristoffer.ericson@gmail.com
kristof@sigsegv.be
kronos.it@gmail.com
krzysztof.h1@poczta.fm
krzysztof.h1@wp.pl
krzysztof.wilczynski@linux.com
ksan@saunalahti.fi
kumba@gentoo.org
kunal.gangakhedkar@gmail.com
kune@deine-taler.de
kurt@roeckx.be
kuvkir@epsmu.com
kvalo@adurom.com
kvance@kvance.com
kyle@parisc-linux.org
lacombar@gmail.com
laface.tw@gmail.com
lafeuil@gmail.com
lajnold@acc.umu.se
lamarque@gmail.com
lambchop468@gmail.com
lamikr@pilppa.org
langer_mann@web.de
largret@gmail.com
larrosa@kde.org
larry.finger@gmail.com
larry.finger@lwfinger.net
lasse.collin@tukaani.org
launchpad.web@epost.diwic.se
laurent.pinchart@skynet.be
laurent.riffard@free.fr
lcastelli@gmail.com
lcid-fire@gmx.net
lcostantino@gmail.com
ldorileo@gmail.com
leemgs1@gmail.com
legovini@spiro.fisica.unipd.it
leigh@solinno.co.uk
leonard.michlmayr@gmail.com
leonardo@iken.com.br
leonerd@leonerd.org.uk
leonidsbox@gmail.com
leslie@watter.org
levinsasha928@gmail.com
lewurm@gmail.com
lihong.hi@gmail.com
linasvepstas@gmail.com
lindley@coyote.org
lingjiujianke@gmail.com
linkfanel@yahoo.fr
linus.ml.walleij@gmail.com
linux@baker-net.org.uk
linux@bohmer.net
linux@dominikbrodowski.net
linux@horizon.com
linux-kernel@krp.org.uk
linux-kernel@lebenslange-mailadresse.de
linux@maxim.org.za
linux@solonet.org.ua
linux@treblig.org
linux+wireless@ml.breakpoint.cc
linux@zachcarter.com
lionel_debroux@yahoo.fr
lion-simba@pridelands.ru
list@eworm.de
lists@harbaum.org
lists-lkml@pimb.org
lists.mg@googlemail.com
lists@nerdbynature.de
lists-receive@programmierforen.de
lkml@hover.be
lkml@mjt.me.uk
lkml@Think-Future.com
lk-netdev@lk-netdev.nosense.org
lkundrak@v3.sk
lmaia@royalhat.org
lopresti@gmail.com
losinggeneration@gmail.com
lpotenza@inwind.it
lrikard@student.chalmers.se
lross@mail.ru
lt73@cs.drexel.edu
lubomir.bulej@dsrg.mff.cuni.cz
luca@ventoso.org
luczak.jacek@gmail.com
luis.henrix@gmail.com
luismarianoguerra@gmail.com
luis.p.mendes@gmail.com
luizzramos@yahoo.com.br
lukas.karas@centrum.cz
luke@dashjr.org
lultimouomo@gmail.com
luto@mit.edu
lwalkera@ieee.org
lwarxx@gmail.com
lyonel@ezix.org
maarten@treewalker.org
maciej.grela@gmail.com
maciej.soltysiak@ae.poznan.pl
macoafi@gmail.com
macro@linux-mips.org
madcatxster@gmail.com
madis@cyber.ee
madman2003@gmail.com
mad_soft@inbox.ru
maheshkuruganti@gmail.com
mail4ilia@gmail.com
mail@chrismalley.co.uk
mail@earthworm.de
mailing-lists@enginuities.com
maillist@superlative.org
mail@mmontour.net
mail@rainerkeller.de
mail@sebastianbauer.info
mail@stefankriwanek.de
mail@waldemar-brodkorb.de
malattia@linux.it
malcolm.parsons@gmail.com
mali0037@gmail.com
manfred@colorfullife.com
m.a.nikulin@gmail.com
manio@skyboo.net
mans@mansr.com
manuel.jander@gmail.com
manuel.lauss@googlemail.com
manu@linuxtv.org
maraeo@gmail.com
marc.c.dionne@gmail.com
marcin.nowakowski.000@gmail.com
marcin.slusarz@gmail.com
marco.roeland@xs4all.nl
marcos.mage@gmail.com
marco.stornelli@gmail.com
mardy@users.sourceforge.net
marek.belisko@gmail.com
marek.vasut@gmail.com
mariofutire@googlemail.com
mark.einon@gmail.com
mark@glines.org
mark@hindley.org.uk
mark@moxienet.com
mark@mpellis.org.uk
mark@mtfhpc.demon.co.uk
mar.kolya@gmail.com
marko.ristola@kolumbus.fi
mark@pogo.org.uk
mark@scottishclimbs.com
markus@oberhumer.com
mart1987@gmail.com
marti@juffo.org
martin.dauskardt@gmx.de
martinez.javier@gmail.com
martin-langer@gmx.de
martin@minimum.se
martin.peres@free.fr
martti.huttunen@mail.suomi.net
marvin24@gmx.de
marvin.raaijmakers@gmail.com
massimiliano.ghilardi@gmail.com
masterdriverz@gentoo.org
master@kanotix.com
mathias.froehlich@web.de
mathieu.segaud@regala.cx
mato@kotelna.sk
mats.andersson@gisladisker.se
mats.andersson@mea.homelinux.org
matt@colyer.name
matt@console-pimps.org
matt.helsley@gmail.com
matthew.arnold-1@uts.edu.au
matthias.geissert@web.de
matthias.kaehlcke@gmail.com
matthias@kaehlcke.net
matthijs@stdin.nl
mattias.nissler@gmx.de
mattij.lammi@gmail.com
mattst88@gmail.com
matvejchikov@gmail.com
matze@welwarsky.de
mauro.andreolini@unimore.it
mauro@lacy.com.ar
maxextreme@gmail.com
max@hinterhof.net
maxime@tralhalla.org
maximlevitsky@gmail.com
maxinbjohn@gmail.com
max@veneto.com
m.a.young@durham.ac.uk
maz@misterjones.org
mb@bu3sch.de
m.b.lankhorst@gmail.com
mboton.lkml@gmail.com
mbres@gentoo.org
mbroemme@plusserver.de
mb-tmp-yvahk-vachg@gromit.dyndns.org
mcdonald.shane@gmail.com
m.cencora@gmail.com
mchouque@free.fr
mcostalba@gmail.com
mcrapet@gmail.com
mcree@orcon.net.nz
mcrowe@zipitwireless.com
mcuelenaere@gmail.com
mdharm-usb@one-eyed-alien.net
mdnelson8@gmail.com
mdpoole@troilus.org
me@akshayjoshi.com
me@ankitjain.org
me@bobcopeland.com
me@gbraad.nl
me@jayr.de
melchior+kernel@cmu.edu
mensch0815@googlemail.com
mfm@muteddisk.com
mfpuente.ar@gmail.com
mfranz@aon.at
mfwitten@gmail.com
m.gamal005@gmail.com
mgarski@post.pl
mh1@iki.fi
mhamel@adi.co.nz
m.hampel@gmx.de
mh@glandium.org
mhoffman@lightlink.com
m.hulsman@tudelft.nl
mhw@netris.org
miaofng@gmail.com
micahjd@gmail.com
michael.mauch@gmx.de
michael@m-bauer.org
michael@mihu.de
michael.riepe@googlemail.com
michal.k.k.piotrowski@gmail.com
michal.pecio@gmail.com
micha@neli.hopto.org
mickflemm@gmail.com
microschulz@web.de
mightyiampresence@gmail.com
miguel.de.barros@bluewin.ch
miguel.ojeda.sandonis@gmail.com
mijhail.moreyra@gmail.com
mika.cousin@gmail.com
mikedunn@newsguy.com
mike.fleetwood@googlemail.com
mike@marineau.org
mike@mikeasoft.com
mike@mpagano.com
mikem@ring3k.org
miknix@gentoo.org
milindchoudhary@gmail.com
milner@blissisland.ca
milon@wq.cz
mina86@mina86.com
minchan.kim@gmail.com
miquels@cistron.nl
mirq-linux@rere.qmqm.pl
mithro@mithis.com
mitov@issp.bas.bg
mjevans1983@gmail.com
mjf@gentoo.org
m.jurik@xylab.cz
mkatiyar@gmail.com
mkl0301@gmail.com
mkoegler@auto.tuwien.ac.at
m-larsen@post6.tele.dk
mlashley@gmail.com
mlj28@cam.ac.uk
mls.joft@gmx.de
mmvinni@yahoo.com
mnemo@minimum.se
mobile.leecher@gmail.com
moinejf@free.fr
molletts@yahoo.com
moore@free.fr
morbidrsa@googlemail.com
more.andres@gmail.com
morgan@kernel.org
morpheus.ibis@gmail.com
mostawesomedude@gmail.com
mouw@nl.linux.org
mpalmer@debian.org
mpalmer@hezmatt.org
mroos@linux.ee
mrv@wi.rr.com
mspang@csclub.uwaterloo.ca
msroczyn@gmail.com
m-starostik@versanet.de
m.szulecki@mirell.de
mt-ml@gmx.de
mueller_michael@alice-dsl.net
mueller@rz.uni-karlsruhe.de
murray.alex@gmail.com
murraytony@gmail.com
muthur@gmail.com
mvrh@freeshells.ch
mwester@dls.net
mz.mzet@gmail.com
naesten@gmail.com
nail@nodomain.sk
namhyung@gmail.com
naota@elisp.net
nasirabed@gmail.com
nate@binkert.org
nathaniel@natemccallum.com
nbd@openwrt.org
ncunningham@crca.org.au
nelhage@nelhage.com
neroden@fastmail.fm
netrolller.3d@gmail.com
nevola@gmail.com
ngc891@gmail.com
niallain@gmail.com
nicfagn@iol.it
nick.forbes@huntsworth.com
nick.holloway@alfie.demon.co.uk
nick.holloway@pyrites.org.uk
nick.holloway@pyrites.org.uka
nick@nick-andrew.net
nick@ukfsn.org
nicolai.krakowiak@gmail.com
nicolas.2p.debian@free.fr
nicolas@boichat.ch
nicolas.mailhot@laposte.net
nico-linux-20090330@schottelius.org
nigel@nigel.suspend2.net
nigel@tuxonice.net
nighteyes1993@gmail.com
nikai@nikai.net
nikitasangelinas@gmail.com
nikke@acc.umu.se
nir.tzachar@gmail.com
nix.or.die@googlemail.com
n-kusuno@fc4.so-net.ne.jp
nm127@freemail.hu
nmiell@gmail.com
nolan@sigbus.net
noodles@earth.li
notasas@gmail.com
nowymarluk@wp.pl
nr33@msstate.edu
nr@das-labor.org
nsoranzo@tiscali.it
nuclear@member.fsf.org
obconseil@gmail.com
oberger@ouvaton.org
oblivian@users.sourceforge.net
odanet@caramail.com
odie@cs.aau.dk
odi@odi.ch
o.endriss@gmx.de
oldium.pro@seznam.cz
ole@ans.pl
olecom@gmail.com
oleg@tv-sign.ru
olehenja@alumni.ntnu.no
olel@ans.pl
olimpiu.pascariu@gmail.com
oliver.pntr@gmail.com
olivier.bornet@puck.ch
olivier@sobrie.be
o.lorin@laposte.net
olsajiri@gmail.com
onestone@opencompositing.org
ordex@autistici.org
oreaus@gmail.com
ori@avtalion.name
orkaan@orkaan.org
ornati@fastwebnet.it
oskar@osk.mine.nu
ospite@studenti.unina.it
ossi@kde.org
ott@mirix.org
ozaki.ryota@gmail.com
paaguti@gmail.com
pablo@seestieto.com
pabs3@bonedaddy.net
pacman@theworld.com
palglowr@gmail.com
pali.rohar@gmail.com
pancho@pancho.name
paolo.abeni@email.it
paolo.abeni@gmail.com
paolo.ciarrocchi@gmail.com
paravoid@debian.org
pardo.bsso@gmail.com
p-a@scarlet.be
pasik@iki.fi
patchesThomas.Vie@web.de
pat-lkml@erley.org
patrakov@ums.usu.ru
patrick@georgi-clan.de
patrik.r.jakobsson@gmail.com
patrik@yes.nu
patrol@sinus.cz
pau@eslack.org
paul@booyaka.com
paul.chavent@free.fr
paulepanter@users.sourceforge.net
paulius.zaleckas@gmail.com
paul@ondioline.org
paul@paulmenage.org
paul@uprocera.co.uk
pavel.hofman@ivitera.com
p.beutner@gmx.net
pbruskispam@op.pl
pdh@utter.chaos.org.uk
p@draigbrady.com
pebolle@tiscali.nl
pedro.lopez.cabanillas@gmail.com
pefoley2@verizon.net
pelle@windestam.se
penberg@cs.helsinki.fi
peter@bluetoad.com.au
peter@dadeos.co.uk
peterhuewe@gmx.de
peter@magdina.sk
petero2@telia.com
peter@p12n.org
peter@piie.net
peter.Stark@t-online.de
peter@thehurleys.us
petkan@nucleusys.com
petkovbb@googlemail.com
petr.cvek@tul.cz
petr.jelen@gmail.com
petr@vandrovec.name
pexu@kapsi.fi
pez-gpg@treeofice.net
pfessel@gmail.com
pfister@linuxtv.org
phaedrus961@googlemail.com
phamthanhnam.ptn@gmail.com
philipl@overt.org
phil@ipom.com
philipp@dreimann.net
philipp.marek@bmlv.gv.at
philipp.zabel@gmail.com
phillip@lougher.demon.co.uk
phil@philjordan.eu
phreak@gentoo.org
pierre.gronlier@gmail.com
pierre@pirsoft.de
pieterjan.camerlynck@gmail.com
pieterp@joow.be
p.i.kazlou@gmail.com
pillarama@gmail.com
pinkel@gmail.com
pinusdtv@hotmail.com
pj.assis@gmail.com
pj@place.org
pktoss@gmail.com
plaes@plaes.org
plagnioj@jcrosoft.com
plr.vincent@gmail.com
pmarques@grupopie.com
polyanskiy@gmail.com
pomoon@gmail.com
popovec@oko.fei.tuke.sk
posco.grubb@gmail.com
postfail@hushmail.com
post@pfrst.de
poyo_vl@yahoo.com
pq@iki.fi
pradheep.sh@gmail.com
prahal@yahoo.com
prakash@punnoor.de
pranith.hacks@gmail.com
private@claudio.ch
programble@gmail.com
proski@gnu.org
prox@prolixium.com
przemo@firszt.eu
pshah.mumbai@gmail.com
pstehlik@sophics.cz
psusi@ubuntu.com
pva@gentoo.org
PVince81@yahoo.fr
pwarudkar@aol.com
pwil3058@bigpond.net.au
pzabel@gmx.de
qbarnes@gmail.com
qingshenlwy@gmail.com
qord@cwalter.net
quantum.analyst@gmail.com
r0bertz@gentoo.org
raa.aars@gmail.com
raa.lkml@gmail.com
rabin@rab.in
rafael.espindola@gmail.com
rafalbilski@interia.pl
rafi@seas.upenn.edu
rafl@debian.org
rain_maker@root-forum.org
raj.khem@gmail.com
rakib.mullick@gmail.com
ramaxlo@gmail.com
ramiro@rmorales.net
ramirose@gmail.com
randrik_a@yahoo.com
randrik@mail.ru
rankincj@yahoo.com
ranma@tdiedrich.de
rathgeb.markus@googlemail.com
rautelap@gmail.com
ray@apollo.lv
ray-lk@madrabbit.org
rb-oss-1@justgohome.co.uk
rbrito@ime.usp.br
rcohen@snurgle.org
rdenis@simphalempin.com
realrichardsharpe@gmail.com
reddog@mastersword.de
reif@earthlink.net
reimth@googlemail.com
reingart@gmail.com
remi@cattiau.com
rene.scharfe@lsrfire.ath.cx
rene.vanpaassen@gmail.com
renidragsemaj@yahoo.com
revent82@gmail.com
rge@quengel.org
rheluani@gmail.com
ricardo.barberis@dattatec.com
riccardo.magliocchetti@gmail.com
richard@audacityteam.org
richard.bytheway@jvsemi.co.uk
richard@nod.at
richard@rsk.demon.co.uk
richel@angiebecker.ch
rich.folsom@gmail.com
richih.mailinglist@gmail.com
richmattes@gmail.com
richm@oldelvet.org.uk
richwalm@gmail.com
righiandr@users.sourceforge.net
riku.voipio@iki.fi
rincewind@discworld.dascon.de
ristioja@gmail.com
risto.suominen@gmail.com
rivanvx@gmail.com
rizurita@yahoo.com
rjgleits@bellsouth.net
rjmx@rjmx.net
rkoktarianto@gmail.com
rl@hellgate.ch
rmay31@gmail.com
rmh@aybabtu.com
rnissl@gmx.de
robbat2@gentoo.org
robert.babilon@gmail.com
robert.jarzmik@free.fr
robert@spitzenpfeil.org
robfitz@273k.net
rodney@rodney.id.au
rodrigo@linfati.cl
rod@whitby.id.au
roel.kluin@gmail.com
roel.vannyen@gmail.com
rofu7@hotmail.com
roger.oksanen@cs.helsinki.fi
roginovicci@nm.ru
rohan.hart17@gmail.com
rohde@duff.dk
roland@xindex.de
romain@orebokech.com
romieu@fr.zoreil.com
root@localdomain.pl
rossi.f@inwind.it
royale@zerezo.com
rpjday@crashcourse.ca
rpower@sysreset.com
r.schtz@t-online.de
rshriram@cs.ubc.ca
rsnel@cube.dyndns.org
rspanton@zepler.net
rspchan@starhub.net.sg
rubisher@scarlet.be
rudy.matela@gmail.com
rueegsegger@swiss-it.ch
russ.dill@gmail.com
russell@kliese.wattle.id.au
rvoicilas@gmail.com
rydberg@euromail.se
ryo-dairiki@users.sourceforge.net
s3810@pjwstk.edu.pl
saalwaechter@gmail.com
sagar.abhishek@gmail.com
sainth@eidolons.org
sakari.ailus@iki.fi
salisbury.joseph@gmail.com
sam@liddicott.com
sam.linux.kernel@gmail.com
sammy@sammy.net
sam@ravnborg.org
sam@rfc1149.net
samson.richard@gmail.com
sam@synack.fr
samuel@sieb.net
samuel@sortiz.org
samuel.thibault@ens-lyon.org
samuel.thibault@fnac.net
samwise@bagshot-row.org
s.andersen@cryonet.de
santiago@crfreenet.org
sargentd@die-welt.net
sascha-pgp@silbe.org
saschasommer@freenet.de
schlick@lavabit.com
schmitz@biophys.uni-duesseldorf.de
schmitz@debian.org
schmitz@mail.biophys.uni-duesseldorf.de
schmitzmic@googlemail.com
schnhrr@cs.tu-berlin.de
scholz@fias.uni-frankfurt.de
schwab@linux-m68k.org
schwalbe@inf.tu-dresden.de
scott.ashcroft@talk21.com
sdh4@iastate.edu
sdiz@sdiz.net
sd@sedf.de
sean@coreitpro.com
sean@mess.org
seastland@gmail.com
sebastian_kapfer@gmx.net
sebastien.hinderer@ens-lyon.org
sebastien@kolios.dk
sebatian@breakpoint.cc
sebek64@post.cz
seed@uffs.org
segher@kernel.crashing.org
serge.a.s@tochka.ru
sergey.senozhatsky@gmail.com
sergey.senozhatsky@mail.by
sergio@larces.uece.br
serveralex@gmail.com
sgayda2@uiuc.edu
sgunderson@bigfoot.com
shawn.bohrer@gmail.com
shd@modeemi.fi
sheela.sequeira@gmail.com
shhuiw@gmail.com
shimoda.hiroaki@gmail.com
shiningxc@gmail.com
showard314@gmail.com
shrikar84@gmail.com
shurick@sectorb.msk.ru
shurik@gwu.edu
shusemann@googlemail.com
si1356@yahoo.co.uk
siccegge@cs.fau.de	# Christoph Egger; FAU student
sidhayn@gmail.com
sidhpurwala.huzaifa@gmail.com
sigsegv@radiotube.org
silvagustavosilva@gmail.com
simo@archlinux.org
simon@budig.de
simoneau@ele.uri.edu
simon@farnz.org.uk
simon@fire.lp0.eu
simon@swine.de
simos@gnome.org
simos.lists@googlemail.com
sisir.koppaka@gmail.com
sitsofe@yahoo.com
siwu@hrz.tu-chemnitz.de
sjakub@gmail.com
sjharms@gmail.com
skitching@apache.org
skuribay@pobox.com
skuribay@ruby.dti.ne.jp
slapin@ossfans.org
s.l-h@gmx.de
sliedes@cc.hut.fi
sluskyb@paranoiacs.org
slyfox@inbox.ru
slyich@gmail.com
snakebyte@gmx.de
soeren.moch@stud.uni-hannover.de
soni.trilok@gmail.com
sordna@gmail.com
sowani@gmail.com
sowilo@cs.tu-berlin.de
sparkie@lowbyte.de
spmf2004-m560x@yahoo.fr
spock@gentoo.org
sprecher.m@gmail.com
s.psomadakis@gmail.com
spyro@f2s.com
sre@debian.org
sroecker@gmail.com
ss@aao.gov.au
stefan@agner.ch
stefanbeller@googlemail.com
stefan.braehler@googlemail.com
stefan@glasen-hardt.de
stefani@seibold.net
stefano.brivio@polimi.it
stefan.ringel@arcor.de
stefanr@s5r6.in-berlin.de
stef.dev@free.fr
stephan@wienczny.de
stepheng+fujitsu-laptop@gildea.com
stepheng+linux@gildea.com
steph@glondu.net
stev391@email.com
steve@gnusis.org
stevenm86@gmail.com
stevenrwalter@gmail.com
steven@steven676.net
steven@strobe.cc
steven@uplinklabs.net
steve@sk2.org
steve@stevekerrison.com
stewart.r.uk@gmail.com
stf_xl@wp.pl
stijn@linux-ipv6.be
stomic@gmail.com
stoth@linuxtv.org
stoyboyker@gmail.com
stsp@aknet.ru
stuart@dodgy-geeza.com
stuart@freedesktop.org
stuart@linux-depot.com
stuart.swales@croftnuisk.co.uk
stuart.swales.croftnuisk@gmail.com
student.ltu.se
suokkos@gmail.com
suresh.lalith@gmail.com
sven@narfation.org	# Eckelmann
svenne@krap.dk
sven@svenhartge.de
sven.wegener@stealer.net
sweetlilmre@gmail.com
syrjala@sci.fi
szalat@gmail.com
szymon@janc.net.pl
tai@rakugaki.org
takada@mbf.nifty.com
tanzy@gmx.de
tarek@bashasoliman.com
tausq@debian.org
tbartdev@gmx-topmail.de
tbm@cyrius.com
t-bone@parisc-linux.org
tcl@phaseone.com
tdavis@dsl-only.net
tdm.code@gmail.com
teawater@gmail.com
tech2077@gmail.com
technoboy85@gmail.com
teka101@gmail.com
teknotus@teknot.us
tero.roponen@gmail.com
tfheen@err.no
t@fictive.com
tfransosi@gmail.com
thcourbon@gmail.com
theronni@gmail.com
thesweeheng@gmail.com
thibault.lemeur@supelec.fr
thomas@archlinux.org
thomas@devbase.at
thomas@horsten.com
thomas@kaiser-linux.li
thomas@m3y3r.de
thomas.schlichter@web.de
thomas@stewarts.org.uk
thomas@wytron.com.tw
thommycheck@gmx.de
ths@networkno.de
tias@ulyssis.org
ticapix@gmail.com
tijl@coosemans.org
tilman@code-monkey.de
tilman@imap.cc
tim.bao@gmail.com
tim@buttersideup.com
timf@iinet.net.au
tim@klingt.org
tim@retout.co.uk
tingy@cs.umass.edu
tkhai@yandex.ru
tklauser@distanz.ch
tkrah@fachschaft.imn.htwk-leipzig.de
tlikonen@iki.fi
tmassimi@gmail.com
tmtalpey@gmail.com
tnt@246tNt.com
tobias.doerffel@gmail.com
tobias.lorenz@gmx.net
tobias_mueller@twam.info
tobias.ollmann@gmx.at
tolysz@gmail.com
tomas.it@gmail.com
tomas@slax.org
tomasz.figa@gmail.com
tomasz@grobelny.oswiecenia.net
tomaz.mertelj@guest.arnes.si
tombowfly@gmail.com
tom@compton.nu
tomimo@ncircle.nullnet.fi
tomi@nomi.cz
tom.leiming@gmail.com
tom@vincze.org
toots@rastageeks.org
toralf.foerster@gmx.de
tpfaff@gmx.net
treacy@debian.org
treitmayr@devbase.at
tremyfr@yahoo.fr
tr@tng.de
trux@truxton.com
t.sailer@alumni.ethz.ch
tsbogend@alpha.franken.de
t.sefzick@fz-juelich.de
tskd2@yahoo.co.jp
tsozik@yahoo.com
ttrafford@gmail.com
tt.rantala@gmail.com
tuliom@gmail.com
tv@beamnet.de
tv@lio96.de
tweenk.pl@gmail.com
twoerner@gmail.com
tzanussi@gmail.com
u2o3l@tiscali.nl
ubizjak@gmail.com
ukleinek@strlen.de
uli@spamt.net
ultrageek.lloyd@gmail.com
utx@penguin.cz
uwe.bugla@gmx.de
uwe@hermann-uwe.de
uwe.koziolek@gmx.net
v4l@cerqueira.org
vadim.catana@gmail.com
vagabon.xyz@gmail.com
valdyn@gmail.com
vanvugt@gmail.com
vbraun@physics.upenn.edu
vda.linux@googlemail.com
vegardno@ifi.uio.no
vegard.nossum@gmail.com
venza@brownhat.org
vibi_sreenivasan@cms.com
victor.vde@gmail.com
video2linux.wayne@ptaff.ca
vikram186@gmail.com
viktor.radnai@gmail.com
vinaysawal@gmail.com
vincent.legoll@gmail.com
vincent.stehle@laposte.net
vincent@vincent-minet.net
viskovatoff@imap.cc
vitalivanov@gmail.com
vitb@kernel.crashing.org
vivien.chappelier@free.fr
vlada.peric@gmail.com
vladimir@pobox.com
vmiklos@frugalware.org
vmkari@cc.helsinki.fi
vmpn@hitechman.com
vojta@math.berkeley.edu
volker@tintuc.de
vooon341@gmail.com
vovan888@gmail.com
vpivaini@cs.helsinki.fi
vzapolskiy@gmail.com
w41ter@gmail.com
waltergoossens@home.nl
walter.t.gruczka@boeing.com
wangchengu@gmail.com
wangtinggong@gmail.com
wayland@wayland.id.au
waynethomas69@gmail.com
wberrier@gmail.com
wbreyha@gmx.net
wcang79@gmail.com
weil@mail.berlios.de
wesarg@informatik.uni-halle.de
wfg@mail.ustc.edu.cn
wfp5p@viridian.itc.virginia.edu
william.pettersson@gmail.com
wilsons@start.ca
wim@iguana.be
wingo@pobox.com
wishie@wishie.net
wojtek.golf@interia.pl
wolfgang.kufner@gmail.com
wolfst.external@qimonda.com
woodzy@gmail.com
wyatt@banksresearch.com
xantzis@ceid.upatras.gr
xiaofanc@gmail.com
xiaoqiangnk@gmail.com
xiaosuo@gmail.com
xiyou.wangcong@gmail.com
xose.vazquez@gmail.com
xrgtn@yandex.ru
xschmi00@stud.feec.vutbr.cz
xsecute@googlemail.com
xt28@gmx.de
yang@yangman.ca
yann.chachkoff@myrealbox.com
yanzheng@21cn.com
yargil@free.fr
ydirson@altern.org
y.diruzza@lim.eu
yestyle@gmail.com
ynezz@true.cz
ynvich@gmail.com
yong.zhang0@gmail.com
younes.m@gmail.com
youpi_486@yahoo.com
youvegotmoxie@gmail.com
ypolyans@princeton.edu
yrz@anche.no
yyuasa@linux.com
zac.3.14159@gmail.com
zaitcev@kotori.zaitcev.us
zajec5@gmail.com
zanussi@comcast.net
zap03216@nifty.ne.jp
zbe64533@gmail.com
zbiggy@o2.pl
zbr@ioremap.net
zeev.tarantov@gmail.com
zenczykowski@gmail.com
zero@colonel-panic.org
zkaspar82@gmail.com
zkr@freemail.hu
zlatko.calusic@iskon.hr
zoss@devai.org
zvpunry@zvpunry.de
zw@zh-kernel.org
zzam@gentoo.org
